<?xml version="1.0" encoding="UTF-8"?>
<project-private xmlns="http://www.netbeans.org/ns/project-private/1">
    <editor-bookmarks xmlns="http://www.netbeans.org/ns/editor-bookmarks/2" lastBookmarkId="0"/>
    <open-files xmlns="http://www.netbeans.org/ns/projectui-open-files/2">
        <group>
            <file>file:/D:/www.dabai.com/dabai.sql</file>
            <file>file:/D:/www.dabai.com/Application/Admin/View/Cate/add.html</file>
            <file>file:/D:/www.dabai.com/Application/Admin/Model/ArticleModel.class.php</file>
            <file>file:/D:/www.dabai.com/Application/Admin/Controller/LoginController.class.php</file>
            <file>file:/D:/www.dabai.com/Application/Admin/View/Index/head.html</file>
            <file>file:/D:/www.dabai.com/Application/Admin/View/Article/edit.html</file>
            <file>file:/D:/www.dabai.com/Application/Admin/Model/UserModel.class.php</file>
            <file>file:/D:/www.dabai.com/Application/Admin/View/Article/lst.html</file>
            <file>file:/D:/www.dabai.com/Application/Admin/View/Cate/lst.html</file>
            <file>file:/D:/www.dabai.com/Application/Admin/Model/CateModel.class.php</file>
            <file>file:/D:/www.dabai.com/Application/Admin/View/Index/main.html</file>
            <file>file:/D:/www.dabai.com/Application/Admin/Controller/ArticleController.class.php</file>
            <file>file:/D:/www.dabai.com/Application/Admin/View/Login/layout.html</file>
            <file>file:/D:/www.dabai.com/Application/Admin/View/Login/login.html</file>
            <file>file:/D:/www.dabai.com/Application/Admin/Model/ArticleViewModel.class.php</file>
            <file>file:/D:/www.dabai.com/Application/Admin/View/Cate/index.html</file>
            <file>file:/D:/www.dabai.com/Application/Admin/Controller/IndexController.class.php</file>
            <file>file:/D:/www.dabai.com/Application/Admin/View/Cate/edit.html</file>
            <file>file:/D:/www.dabai.com/Application/Admin/View/Index/index.html</file>
            <file>file:/D:/www.dabai.com/Application/Admin/View/layout.html</file>
            <file>file:/D:/www.dabai.com/Application/Admin/View/Article/add.html</file>
            <file>file:/D:/www.dabai.com/Application/Admin/Controller/CateController.class.php</file>
            <file>file:/D:/www.dabai.com/index.php</file>
            <file>file:/D:/www.dabai.com/Application/Common/Conf/config.php</file>
            <file>file:/D:/www.dabai.com/Application/Admin/View/Index/left.html</file>
        </group>
    </open-files>
</project-private>
